[
  {
    "LastName": "Aaaa",
    "FirstName": "Aaaa",
    "Age": 20,
    "Id": 3
  },
  {
    "LastName": "Aaaa",
    "FirstName": "Bbbb",
    "Age": 56,
    "Id": 2
  },
  {
    "LastName": "Bbbb",
    "FirstName": "Aaaa",
    "Age": 28,
    "Id": 7
  },
  {
    "LastName": "Cccc",
    "FirstName": "Aaaa",
    "Age": 32,
    "Id": 5
  },
  {
    "LastName": "Cccc",
    "FirstName": "Bbbb",
    "Age": 50,
    "Id": 1
  },
  {
    "LastName": "Dddd",
    "FirstName": "Bbbb",
    "Age": 70,
    "Id": 4
  }
]